TOWNCODE,TOWNENG,COUNTYNAME,TOWNNAME,2008,2009,2010,2011,2012,2013,2014,2015,2016,2017,2018,2019,2020,2021,2022,2023,2024,2025
10002030,Yilan_SuaoTownship,宜蘭縣,蘇澳鎮,43665,43305,42986,42417,41855,41382,41018,40726,40493,40056,39682,39155,38864,38272,37867,37458,36882,36413
10002090,Yilan_WujieTownship,宜蘭縣,五結鄉,38469,38797,38850,38772,38999,39230,39378,39559,39657,39673,39543,39959,40297,40539,40662,41052,41600,41737
10002010,Yilan_YilanCity,宜蘭縣,宜蘭市,95874,95831,95568,95521,96016,95985,95885,96051,95907,95918,95732,95562,95395,94869,94679,94991,94890,94561
10002060,Yilan_ZhuangweiTownship,宜蘭縣,壯圍鄉,25072,25109,25004,24674,24551,24468,24492,24258,24236,24250,24302,24424,24366,24391,24417,24380,24469,24479
10002020,Yilan_LuodongTownship,宜蘭縣,羅東鎮,73722,73038,72958,72860,72468,72352,72533,72404,72485,72319,72433,71898,71484,70732,70012,69960,69638,68960
10002070,Yilan_YuanshanTownship,宜蘭縣,員山鄉,32213,32378,32347,32304,32106,32159,32377,32277,32376,32458,32281,32284,32258,32056,31918,32138,31986,32226
10002080,Yilan_DongshanTownship,宜蘭縣,冬山鄉,51722,52330,52635,52975,53363,53731,53482,53634,53327,53289,52880,53103,53024,52928,52761,53249,53117,52938
10002100,Yilan_SanxingTownship,宜蘭縣,三星鄉,21268,21710,21362,21203,21122,21191,21503,21441,21422,21467,21359,21278,21215,21206,21235,21272,21179,21356
10002110,Yilan_DatongTownship,宜蘭縣,大同鄉,5815,6004,5987,5931,5915,6005,6127,6080,6083,6102,6242,6143,6137,6088,6139,6036,5980,5998
10002040,Yilan_TouchengTownship,宜蘭縣,頭城鎮,31300,31161,30899,30556,30304,30043,29890,29798,29666,29398,29133,28985,28819,28544,28453,28292,27982,27868
10002120,Yilan_NanaoTownship,宜蘭縣,南澳鄉,5842,6067,6014,5924,5886,5912,6147,6051,5938,5900,6015,5970,5954,6010,6119,6114,6090,6171
10002050,Yilan_JiaoxiTownship,宜蘭縣,礁溪鄉,35940,35895,35876,35924,36010,35998,35945,35838,35948,35777,35619,35417,35274,35057,34800,34948,35399,36629
10015070,Hualien_GuangfuTownship,花蓮縣,光復鄉,14388,14271,14120,13837,13613,13459,13395,13219,13032,12888,12789,12536,12369,12185,12015,11739,11534,11478
10015090,Hualien_RuisuiTownship,花蓮縣,瑞穗鄉,13163,13086,12863,12588,12372,12170,12107,11926,11757,11653,11668,11433,11312,11123,10968,10755,10584,10388
10015100,Hualien_FuliTownship,花蓮縣,富里鄉,11811,11869,11667,11387,11189,10966,10849,10633,10557,10413,10277,10161,10004,9812,9689,9627,9530,9386
10015050,Hualien_JianTownship,花蓮縣,吉安鄉,79048,79445,79688,80464,81325,82157,82577,83240,83656,83747,83221,83583,83507,83122,82795,83175,83135,83004
10015060,Hualien_ShoufengTownship,花蓮縣,壽豐鄉,19111,18908,18660,18494,18265,18109,18237,18195,18146,18043,17949,17820,17589,17351,17133,16903,16737,16628
10015110,Hualien_XiulinTownship,花蓮縣,秀林鄉,14904,15107,15244,15173,15167,15267,15494,15666,15796,15889,15939,15953,16143,16555,16992,17200,17095,17178
10015030,Hualien_YuliTownship,花蓮縣,玉里鎮,27685,27279,26879,26452,26055,25695,25396,25013,24740,24345,24007,23648,23381,22878,22408,22034,21670,21277
10015130,Hualien_ZhuoxiTownship,花蓮縣,卓溪鄉,6457,6420,6349,6233,6184,6121,6210,6037,6036,6066,6101,6035,6036,5967,6052,5973,5919,5851
10015080,Hualien_FengbinTownship,花蓮縣,豐濱鄉,5174,5135,5065,4857,4668,4632,4706,4541,4439,4383,4752,4476,4376,4327,4315,4213,4147,4082
10015010,Hualien_HualienCity,花蓮縣,花蓮市,110035,109945,109251,108755,108077,107281,106368,105724,105034,104380,103841,103404,102539,100955,99558,99043,98324,96860
10015040,Hualien_XinchengTownship,花蓮縣,新城鄉,20322,20324,20206,20130,20131,20148,20286,20216,20274,20185,20159,20083,20058,20252,20256,20307,20323,20492
10015020,Hualien_FenglinTownship,花蓮縣,鳳林鎮,12308,12174,11957,11712,11532,11397,11237,11115,11004,10861,10846,10802,10821,10679,10536,10435,10306,10136
10015120,Hualien_WanrongTownship,花蓮縣,萬榮鄉,7027,7001,6856,6756,6612,6495,6530,6420,6440,6384,6419,6313,6237,6152,6175,6085,6070,6047
10008010,Nantou_NantouCity,南投縣,南投市,105143,104670,104083,103687,103285,102790,102314,101622,100960,100180,99519,99199,99081,98244,97361,97450,97042,96229
10008020,Nantou_PuliTownship,南投縣,埔里鎮,86189,85779,85088,84596,84300,83701,83021,82212,81574,81033,80340,79789,79191,78107,77244,77035,76303,75613
10008030,Nantou_CaotunTownship,南投縣,草屯鎮,100143,100294,99674,99249,99374,99297,99209,98837,98431,97875,97119,97608,97489,96923,96646,97120,97147,97724
10008040,Nantou_ZhushanTownship,南投縣,竹山鎮,59003,58826,58338,57988,57560,57101,56662,56053,55493,55060,54540,53932,53464,52629,51863,51450,50625,49905
10008050,Nantou_JijiTownship,南投縣,集集鎮,12055,12103,11920,11737,11576,11413,11390,11229,11035,10904,10804,10615,10461,10227,10068,9924,9776,9882
10008060,Nantou_MingjianTownship,南投縣,名間鄉,41589,41603,41218,40966,40682,40382,40019,39666,39220,38796,38265,37951,37507,36925,36234,35801,35133,34557
10008070,Nantou_LuguTownship,南投縣,鹿谷鄉,19437,19376,19100,18947,18878,18667,18538,18234,18010,17808,17687,17509,17231,16850,16477,16182,15832,15454
10008080,Nantou_ZhongliaoTownship,南投縣,中寮鄉,16445,16405,16183,16005,15901,15719,15566,15353,15083,14842,14680,14495,14301,14013,13841,13528,13194,12825
10008090,Nantou_YuchiTownship,南投縣,魚池鄉,17344,17411,17181,16927,16747,16696,16501,16289,16154,15946,15753,15611,15466,15162,14892,14687,14414,14098
10008100,Nantou_GuoxingTownship,南投縣,國姓鄉,21195,20964,20668,20351,20165,19919,19715,19360,19098,18803,18629,18245,17965,17557,17256,16884,16454,15963
10008110,Nantou_ShuiliTownship,南投縣,水里鄉,20593,20383,20063,19700,19341,19071,18717,18339,18015,17803,17496,17247,16980,16665,16387,16085,15800,15452
10008120,Nantou_XinyiTownship,南投縣,信義鄉,17166,17360,17314,17059,16802,16727,16813,16525,16381,16253,16230,16006,15878,15785,15594,15410,15169,14886
10008130,Nantou_RenaiTownship,南投縣,仁愛鄉,15451,15650,15661,15595,15585,15739,15850,15771,15709,15748,15969,15905,15818,15810,15732,15538,15410,15293
10013210,Pingtung_JiadongTownship,屏東縣,佳冬鄉,21711,21715,21377,21030,20799,20538,20247,19905,19689,19380,19121,18846,18620,18321,18095,17888,17591,17323
10013140,Pingtung_ZhutianTownship,屏東縣,竹田鄉,18487,18474,18425,18169,18041,17806,17719,17544,17351,17158,17119,16863,16615,16318,16073,15807,15581,15363
10013050,Pingtung_WandanTownship,屏東縣,萬丹鄉,54521,54309,53980,53515,53125,52536,52085,51647,51261,50935,50514,50427,50126,49696,49457,49252,48946,48586
10013010,Pingtung_PingtungCity,屏東縣,屏東市,214987,213614,211027,209416,207862,205945,203866,202562,201644,200452,199606,198990,197647,195862,193941,193810,192657,191466
10013020,Pingtung_ChaozhouTownship,屏東縣,潮州鎮,56781,55969,55456,55312,55205,55207,54738,54719,54703,54377,53893,53831,53842,53546,53124,53325,53575,53723
10013060,Pingtung_ChangzhiTownship,屏東縣,長治鄉,30994,30979,30944,30686,30600,30488,30429,30305,30159,30008,29677,29536,29470,29337,29126,29190,29229,29192
10013070,Pingtung_LinluoTownship,屏東縣,麟洛鄉,11619,11649,11516,11406,11301,11303,11313,11231,11125,11076,11036,10906,10770,10629,10592,10544,10483,10406
10013080,Pingtung_JiuruTownship,屏東縣,九如鄉,23092,23004,22859,22689,22563,22408,22172,22090,22083,22110,22061,21989,21962,21734,21645,21639,21552,21420
10013090,Pingtung_LigangTownship,屏東縣,里港鄉,26317,26231,25923,25759,26282,26506,26814,27040,26995,26459,26044,25853,25707,25696,25685,25623,25347,24948
10013100,Pingtung_YanpuTownship,屏東縣,鹽埔鄉,27576,27479,27317,27036,26802,26660,26629,26361,26199,25997,25719,25332,24999,24586,24266,23976,23529,23106
10013110,Pingtung_GaoshuTownship,屏東縣,高樹鄉,27325,27226,26797,26331,25999,25682,25520,25163,24882,24622,24384,24006,23775,23439,23182,22764,22336,21935
10013120,Pingtung_WanluanTownship,屏東縣,萬巒鄉,22457,22282,21973,21635,21391,21164,20918,20765,20609,20556,20593,20473,20189,19915,19478,19239,19010,18654
10013130,Pingtung_NeipuTownship,屏東縣,內埔鄉,59105,58685,57955,57508,57070,56550,56148,55644,55181,54707,54115,53583,53330,52544,52258,52501,52646,52760
10013150,Pingtung_XinpiTownship,屏東縣,新埤鄉,10904,10913,10706,10532,10373,10243,10232,10058,9927,9936,9981,9737,9561,9451,9623,9353,9177,8983
10013180,Pingtung_KandingTownship,屏東縣,崁頂鄉,17042,17335,17379,17053,16680,16429,16374,16155,15916,15720,15519,15419,15378,15272,15168,15245,14932,14459
10013200,Pingtung_NanzhouTownship,屏東縣,南州鄉,12016,11919,11700,11522,11276,11130,11026,10857,10808,10670,10639,10513,10364,10133,10049,9882,9698,9600
10013220,Pingtung_LiuqiuTownship,屏東縣,琉球鄉,12550,12620,12300,12169,12145,12415,12675,12517,12423,12337,12364,12232,12121,12104,12216,12265,12190,12076
10013260,Pingtung_SandimenTownship,屏東縣,三地門鄉,7306,7556,7573,7548,7522,7566,7784,7701,7662,7644,7697,7673,7689,7711,7793,7742,7683,7598
10013270,Pingtung_WutaiTownship,屏東縣,霧臺鄉,2684,2915,2978,2966,3106,3199,3435,3329,3285,3246,3354,3295,3247,3259,3324,3265,3235,3166
10013280,Pingtung_MajiaTownship,屏東縣,瑪家鄉,6430,6537,6544,6550,6584,6598,6718,6769,6773,6746,6829,6787,6768,6706,6796,6749,6696,6647
10013290,Pingtung_TaiwuTownship,屏東縣,泰武鄉,4919,5122,5099,5089,5062,5131,5289,5217,5262,5271,5392,5408,5351,5360,5338,5291,5259,5190
10013300,Pingtung_LaiyiTownship,屏東縣,來義鄉,7694,7883,7764,7688,7651,7610,7648,7570,7494,7465,7433,7427,7448,7397,7423,7390,7355,7282
10013310,Pingtung_ChunriTownship,屏東縣,春日鄉,4927,4866,4821,4842,4831,4823,4866,4806,4855,4867,4909,4944,4947,4930,4889,4874,4860,4857
10013320,Pingtung_ShiziTownship,屏東縣,獅子鄉,4949,4983,4873,4815,4789,4776,4882,4806,4827,4806,4954,4912,4839,4888,4891,4777,4905,4825
10013030,Pingtung_DonggangTownship,屏東縣,東港鎮,50360,50234,50141,49568,49185,48585,48262,48058,48097,47866,47613,47161,46731,46268,45908,45946,45936,45879
10013160,Pingtung_FangliaoTownship,屏東縣,枋寮鄉,27137,26986,26628,26218,25971,25693,25482,25120,24826,24571,24323,24023,23680,23246,22969,22757,22593,22321
10013170,Pingtung_XinyuanTownship,屏東縣,新園鄉,39188,38980,38300,37819,37429,37117,36692,36217,35680,35321,34880,34468,33939,33447,33091,32674,32198,31703
10013190,Pingtung_LinbianTownship,屏東縣,林邊鄉,21101,21143,20854,20286,19909,19573,19235,18896,18317,18080,17795,17583,17275,17023,16762,16449,16087,15821
10013230,Pingtung_ChechengTownship,屏東縣,車城鄉,9954,9999,9625,9410,9196,9106,9121,8917,8741,8586,8577,8403,8278,8181,8194,8029,7842,7694
10013240,Pingtung_ManzhouTownship,屏東縣,滿州鄉,8541,8679,8453,8256,8243,8124,8126,7999,7847,7840,7968,7686,7471,7353,7454,7235,7063,6927
10013250,Pingtung_FangshanTownship,屏東縣,枋山鄉,6156,6180,6062,5919,5855,5775,5749,5644,5535,5478,5498,5349,5240,5150,5128,5013,4966,4905
10013330,Pingtung_MudanTownship,屏東縣,牡丹鄉,4865,5004,4995,4920,4836,4777,4864,4767,4853,4926,4981,4867,4865,4849,4866,4756,4707,4671
10013040,Pingtung_HengchunTownship,屏東縣,恆春鎮,31143,31170,31165,30867,30758,30823,30859,30874,30783,30726,30818,30662,30414,30089,29899,29747,29375,28770
10005160,Miaoli_SanwanTownship,苗栗縣,三灣鄉,7400,7393,7264,7210,7191,7126,7132,6994,6884,6756,6613,6532,6364,6201,6143,5975,5814,5664
10005110,Miaoli_NanzhuangTownship,苗栗縣,南庄鄉,11301,11318,11117,11010,10863,10742,10674,10577,10391,10176,10042,9813,9573,9328,9046,8843,8686,8576
10005010,Miaoli_MiaoliCity,苗栗縣,苗栗市,91136,90826,90703,90900,91007,91109,90963,90469,89892,89165,88216,87976,87671,86939,86112,86307,86025,85838
10005070,Miaoli_ZhuolanTownship,苗栗縣,卓蘭鎮,18391,18497,18446,18417,18480,18460,18353,18057,17612,17134,16732,16448,16196,15866,15514,15212,14890,14483
10005080,Miaoli_DahuTownship,苗栗縣,大湖鄉,16165,16186,16052,15899,15798,15694,15549,15276,15070,14738,14482,14194,13884,13530,13219,12964,12641,12310
10005090,Miaoli_GongguanTownship,苗栗縣,公館鄉,34744,34813,34745,34847,34932,34790,34847,34536,34210,33773,33261,32754,32397,31867,31445,31235,30871,30461
10005100,Miaoli_TongluoTownship,苗栗縣,銅鑼鄉,19597,19633,19401,19332,19178,19036,18909,18710,18465,18138,17871,17588,17279,16871,16682,16505,16265,16079
10005120,Miaoli_TouwuTownship,苗栗縣,頭屋鄉,11678,11702,11605,11513,11454,11408,11377,11236,11102,10840,10667,10455,10240,10026,9948,9788,9627,9354
10005130,Miaoli_SanyiTownship,苗栗縣,三義鄉,17643,17713,17548,17487,17495,17411,17235,17020,16813,16530,16204,15970,15665,15388,15151,14949,14713,14485
10005140,Miaoli_XihuTownship,苗栗縣,西湖鄉,7924,7939,7869,7801,7748,7649,7589,7466,7288,7154,7033,6877,6729,6558,6440,6258,6035,5875
10005150,Miaoli_ZaoqiaoTownship,苗栗縣,造橋鄉,13725,13737,13727,13687,13626,13517,13456,13354,13166,12952,12701,12473,12177,11956,11706,11602,11582,11548
10005170,Miaoli_ShitanTownship,苗栗縣,獅潭鄉,5048,5059,4928,4821,4777,4678,4725,4606,4475,4417,4331,4231,4158,4117,4149,4095,4008,3943
10005180,Miaoli_TaianTownship,苗栗縣,泰安鄉,5701,5950,5982,5947,5892,5969,6157,6045,5930,5883,6039,5888,5782,5691,5739,5643,5511,5401
10005020,Miaoli_YuanliTownship,苗栗縣,苑裡鎮,49034,49016,48645,48506,48452,48493,48589,47849,47040,45976,45211,44848,44562,44256,43927,43728,43446,43237
10005030,Miaoli_TongxiaoTownship,苗栗縣,通霄鎮,38773,38535,37977,37614,37449,37155,36941,36172,35433,34691,33992,33471,33061,32441,31835,31300,30893,30618
10005040,Miaoli_ZhunanTownship,苗栗縣,竹南鎮,76323,77344,78420,79656,80864,82351,83622,84469,85010,85587,86130,86565,87190,87365,88364,89708,90668,91538
10005060,Miaoli_HoulongTownship,苗栗縣,後龍鎮,40127,39822,39389,38986,38777,38439,38360,37837,37251,36750,36257,35675,35221,34694,34358,34113,33701,33531
10005050,Miaoli_ToufenCity,苗栗縣,頭份市,95687,96261,97150,98377,99993,101527,102654,103239,103157,103147,103081,103701,104441,105084,105354,106350,107478,108231
68000050,Taoyuan_LuzhuDistrict,桃園市,蘆竹區,135768,138727,142120,143886,146779,149852,151354,155403,158802,161912,164384,166406,167060,166394,167205,169237,169936,170556
68000070,Taoyuan_GuishanDistrict,桃園市,龜山區,133977,135692,137996,138355,139605,140509,141998,145580,152817,157633,160591,162921,164398,166767,172274,178297,183895,188328
68000130,Taoyuan_FuxingDistrict,桃園市,復興區,10454,10611,10670,10684,10626,10625,10913,10930,11192,11505,12026,12176,12354,12656,13053,13210,13261,13296
68000030,Taoyuan_DaxiDistrict,桃園市,大溪區,91146,91875,92081,91979,91891,91961,91887,93343,94102,94451,94885,95550,95664,94870,94313,94607,94404,93799
68000080,Taoyuan_BadeDistrict,桃園市,八德區,173585,175127,176868,177435,178889,179502,181431,187420,192922,198074,202198,205974,209202,209665,209952,213403,214690,216058
68000010,Taoyuan_TaoyuanDistrict,桃園市,桃園區,397056,401096,406851,410113,413488,415414,417366,427145,434243,440840,447302,452824,457245,458847,462338,470683,475798,478487
68000060,Taoyuan_DayuanDistrict,桃園市,大園區,80274,81309,81966,82136,82756,83586,84531,85565,87158,89281,90888,93078,93887,92172,85991,86634,88166,89713
68000040,Taoyuan_YangmeiDistrict,桃園市,楊梅區,145347,148092,150926,152441,154324,155754,157200,161098,163959,167639,170380,173049,175142,176757,177602,180032,181526,182837
68000110,Taoyuan_XinwuDistrict,桃園市,新屋區,49683,49576,49112,48652,48276,48025,48058,48409,48772,48953,49210,49256,49333,49094,49205,49277,49389,49723
68000120,Taoyuan_GuanyinDistrict,桃園市,觀音區,60368,60831,61077,61676,62612,63003,63602,64785,65555,66472,67358,67956,69032,69995,73026,74521,75874,77526
68000020,Taoyuan_ZhongliDistrict,桃園市,中壢區,362129,365109,369770,372429,376217,378918,381449,389782,396453,405216,412063,417380,422471,422529,423722,431255,435050,439213
68000090,Taoyuan_LongtanDistrict,桃園市,龍潭區,113633,114266,115166,114958,115146,115728,116211,118433,120201,121822,123175,124031,124408,124442,124973,126603,127270,127360
68000100,Taoyuan_PingzhenDistrict,桃園市,平鎮區,205266,206471,207457,208561,209552,211146,212328,217887,221587,224219,226412,228436,228611,228203,227810,229686,229389,228210
64000110,Kaohsiung_XiaogangDistrict,高雄市,小港區,153123,153896,154548,154772,155779,156115,156171,156256,157023,157475,157742,157793,157356,156035,154808,155009,154354,153310
64000010,Kaohsiung_YanchengDistrict,高雄市,鹽埕區,28067,27651,27399,26723,26222,25847,25400,25032,24659,24219,24059,23889,23553,22912,22481,22539,22275,21871
64000060,Kaohsiung_XinxingDistrict,高雄市,新興區,56704,55744,55287,54345,53749,53170,52534,51955,51431,51153,51032,51014,50490,49383,49068,49598,49573,49380
64000070,Kaohsiung_QianjinDistrict,高雄市,前金區,29774,29208,28859,28446,28250,28038,27832,27388,27151,26991,26831,26879,26668,26416,26633,27098,27199,27670
64000090,Kaohsiung_QianzhenDistrict,高雄市,前鎮區,200614,199951,199144,197693,196246,194835,193952,192593,191262,189839,188340,187524,185828,182805,180282,179854,178290,176845
64000040,Kaohsiung_NanziDistrict,高雄市,楠梓區,170416,171906,173053,173969,175798,177579,178532,179931,181845,183751,185687,187999,189426,190149,191313,193139,194404,195613
64000120,Kaohsiung_FengshanDistrict,高雄市,鳳山區,339240,339952,341120,345346,349816,352574,354093,356320,357768,359120,359519,359882,359576,357946,356016,356536,355175,353000
64000140,Kaohsiung_DaliaoDistrict,高雄市,大寮區,109449,109257,108984,109157,109780,110449,111191,111663,112258,112397,112421,112259,112265,111933,111514,111986,112213,112239
64000150,Kaohsiung_DashuDistrict,高雄市,大樹區,44585,44230,43955,43609,43429,43418,43190,43161,43067,42757,42390,42142,41764,41257,40732,40432,40163,39906
64000160,Kaohsiung_DasheDistrict,高雄市,大社區,32843,32808,32941,33296,33766,34097,34455,34566,34615,34577,34604,34410,34324,34050,33670,33729,33754,33741
64000170,Kaohsiung_RenwuDistrict,高雄市,仁武區,68995,70242,72202,74867,77371,79392,80994,82614,84122,85894,87694,89595,91893,93581,95089,97337,98956,100311
64000180,Kaohsiung_NiaosongDistrict,高雄市,鳥松區,41730,42135,42595,43191,43696,43781,43735,43965,44265,44291,44469,44960,44938,44393,44168,44373,44233,43703
64000190,Kaohsiung_GangshanDistrict,高雄市,岡山區,96731,97095,97102,97417,97587,97800,97751,97827,97643,97329,97103,97127,96841,95922,95349,95574,95176,94624
64000200,Kaohsiung_QiaotouDistrict,高雄市,橋頭區,36439,36284,36415,36809,36962,37010,37198,37317,37448,37579,37650,38254,38955,40094,40470,41712,42671,43341
64000210,Kaohsiung_YanchaoDistrict,高雄市,燕巢區,31220,31059,30790,30941,30758,30542,30397,30124,29960,29922,29820,29686,29493,29244,28963,28776,28576,28348
64000220,Kaohsiung_TianliaoDistrict,高雄市,田寮區,8441,8325,8214,8012,7852,7732,7680,7473,7340,7245,7159,7043,6919,6788,6655,6530,6298,6125
64000230,Kaohsiung_AlianDistrict,高雄市,阿蓮區,30698,30613,30383,30225,30033,29795,29566,29319,29093,28844,28658,28489,28331,28011,27656,27409,27131,26785
64000240,Kaohsiung_LuzhuDistrict,高雄市,路竹區,54369,54137,53791,53443,53145,53036,53064,53033,53007,52761,52538,52185,51726,51217,50602,50355,49715,48906
64000250,Kaohsiung_HuneiDistrict,高雄市,湖內區,28634,28697,28827,28806,29120,29203,29399,29615,29876,29803,29794,29684,29882,29648,29540,29525,29396,29295
64000300,Kaohsiung_QishanDistrict,高雄市,旗山區,40720,40368,39873,39423,39038,38563,38100,37770,37342,36940,36652,36313,35764,35162,34622,34304,33818,33368
64000310,Kaohsiung_MeinongDistrict,高雄市,美濃區,43710,43444,42993,42658,42157,41668,41258,40810,40399,39973,39589,39074,38611,37949,37317,37008,36545,36074
64000320,Kaohsiung_LiuguiDistrict,高雄市,六龜區,15455,15354,14833,14421,14203,13943,13663,13467,13217,13016,12939,12633,12391,12135,11920,11700,11511,11286
64000330,Kaohsiung_JiaxianDistrict,高雄市,甲仙區,8102,7616,7228,6981,6625,6444,6420,6291,6214,6107,6026,5943,5877,5788,5661,5543,5412,5279
64000340,Kaohsiung_ShanlinDistrict,高雄市,杉林區,11186,11102,11842,12136,12577,12587,12531,12383,12201,12038,11795,11681,11541,11288,11094,10955,10714,10569
64000350,Kaohsiung_NeimenDistrict,高雄市,內門區,16308,16085,15951,15662,15510,15351,15178,14978,14743,14540,14437,14195,13976,13770,13499,13184,12893,12519
64000360,Kaohsiung_MaolinDistrict,高雄市,茂林區,1776,1850,1874,1834,1839,1832,1915,1890,1896,1924,1994,1937,1915,1874,1940,1905,1869,1846
64000370,Kaohsiung_TaoyuanDistrict,高雄市,桃源區,4747,4777,4817,4700,4559,4406,4296,4239,4220,4246,4311,4261,4223,4193,4258,4230,4190,4151
64000380,Kaohsiung_NamaxiaDistrict,高雄市,那瑪夏區,3469,3457,3401,3252,3170,3145,3204,3149,3131,3125,3148,3146,3147,3143,3201,3165,3132,3111
64000130,Kaohsiung_LinyuanDistrict,高雄市,林園區,70979,70770,70512,70439,70383,70436,70476,70401,70201,69990,69870,69604,69478,68893,68429,68216,67903,67341
64000260,Kaohsiung_QiedingDistrict,高雄市,茄萣區,31762,31583,31433,31008,30999,30868,30690,30551,30412,30217,30089,30006,29960,29812,29480,29241,28959,28732
64000270,Kaohsiung_YonganDistrict,高雄市,永安區,14134,14253,14301,14106,14129,14138,14148,14152,14039,13980,13909,13786,13705,13618,13776,13863,13823,13510
64000280,Kaohsiung_MituoDistrict,高雄市,彌陀區,20714,20613,20433,20217,20123,19920,19854,19655,19555,19383,19252,19049,18872,18627,18468,18273,18069,17715
64000290,Kaohsiung_ZiguanDistrict,高雄市,梓官區,36976,36867,36726,36559,36519,36381,36384,36429,36252,36116,35940,35750,35517,35117,34845,34813,34792,34701
64000080,Kaohsiung_LingyaDistrict,高雄市,苓雅區,186765,185021,183948,181717,179512,177716,175854,174515,172895,171033,169648,168825,167280,164572,162642,163838,163295,161185
64000050,Kaohsiung_SanminDistrict,高雄市,三民區,355927,355097,354022,352159,349710,348488,347619,346169,344888,343243,340913,339269,336868,333038,330419,331995,330287,328827
64000100,Kaohsiung_QijinDistrict,高雄市,旗津區,29940,29975,29968,29781,29468,29040,28958,29008,28898,28763,28506,28129,27785,27204,26671,26220,25587,24906
64000020,Kaohsiung_GushanDistrict,高雄市,鼓山區,125641,129521,131728,132868,133964,135102,135667,136665,138099,139259,140133,141055,141488,140410,139590,140701,141277,140791
64000030,Kaohsiung_ZuoyingDistrict,高雄市,左營區,188671,189944,191991,193482,194815,195436,195643,196244,196936,197072,196872,197728,197306,196314,195296,197276,197784,197621
10017030,Keelung_NuannuanDistrict,基隆市,暖暖區,38210,38095,37958,37943,37851,37860,38188,38379,38407,38708,38619,38535,38548,38398,38320,38450,38334,38462
10017020,Keelung_QiduDistrict,基隆市,七堵區,55199,55496,55161,54711,54217,54041,53974,54060,54103,53972,53782,53732,53615,53276,53003,52757,52528,52169
10017040,Keelung_RenaiDistrict,基隆市,仁愛區,50340,50400,49581,48717,47741,47034,46244,45626,45021,44314,43730,43201,42787,41842,41328,41131,40515,39689
10017070,Keelung_XinyiDistrict,基隆市,信義區,51402,51650,51237,51033,51245,51248,51264,51604,51868,52035,52662,52778,53168,53051,52966,53372,53195,52568
10017010,Keelung_ZhongzhengDistrict,基隆市,中正區,56803,56247,55271,54447,54020,53571,53094,52710,52572,52163,51670,51483,51224,50654,50574,50646,50950,51542
10017050,Keelung_ZhongshanDistrict,基隆市,中山區,51908,51574,50909,50297,49794,49254,48733,48397,48115,47908,47398,46897,46459,45755,45038,45459,45859,45556
10017060,Keelung_AnleDistrict,基隆市,安樂區,85117,84859,84017,82779,82285,81906,81580,81329,82014,82358,82294,82267,81776,81001,80297,80440,80060,79850
10009130,Yunlin_MailiaoTownship,雲林縣,麥寮鄉,34036,35053,37029,39147,41096,42526,43880,44600,45126,45665,46196,47196,47951,48695,49354,49533,50001,48815
10009010,Yunlin_DouliuCity,雲林縣,斗六市,106226,106723,106854,107143,107727,108011,108098,108359,108401,108567,108542,108606,108677,108100,107791,108172,109082,109030
10009020,Yunlin_DounanTownship,雲林縣,斗南鎮,47585,47461,47120,46815,46570,46271,46013,45590,45227,44941,44547,44296,44154,43584,43355,43218,43509,43322
10009030,Yunlin_HuweiTownship,雲林縣,虎尾鎮,69874,70259,70025,70080,70423,70486,70269,70551,70815,70892,70844,70994,70899,70648,70305,70386,70904,71349
10009040,Yunlin_XiluoTownship,雲林縣,西螺鎮,48990,48954,48502,48125,47791,47482,47187,46840,46597,46244,46064,45723,45463,45029,44578,44494,44313,43975
10009050,Yunlin_TukuTownship,雲林縣,土庫鎮,30952,30730,30476,30247,29957,29797,29697,29401,29275,28932,28794,28544,28305,27938,27650,27513,27361,27234
10009060,Yunlin_BeigangTownship,雲林縣,北港鎮,43781,43537,43059,42483,42257,41986,41528,41006,40658,40278,39905,39397,39089,38437,37849,37534,37512,37053
10009070,Yunlin_GukengTownship,雲林縣,古坑鄉,34976,34598,34061,33659,33280,32865,32686,32326,31995,31708,31358,31202,30868,30438,30138,29846,29554,29193
10009080,Yunlin_DabiTownship,雲林縣,大埤鄉,21702,21533,21234,20893,20582,20290,19989,19727,19480,19263,19030,18801,18604,18451,18231,17929,17794,17521
10009090,Yunlin_CitongTownship,雲林縣,莿桐鄉,30741,30715,30477,30251,29906,29825,29599,29232,29089,28939,28703,28524,28311,27970,27554,27367,27450,27201
10009100,Yunlin_LinneiTownship,雲林縣,林內鄉,20144,20089,19720,19581,19352,19117,18970,18664,18453,18230,17995,17776,17434,17131,16930,16635,16572,16285
10009110,Yunlin_ErlunTownship,雲林縣,二崙鄉,30289,30076,29665,29331,29060,28712,28323,27939,27518,27255,26855,26371,26029,25660,25220,24848,24642,24165
10009120,Yunlin_LunbeiTownship,雲林縣,崙背鄉,27976,27755,27350,26879,26570,26241,25896,25469,25083,24678,24345,24025,23784,23584,23098,22853,22599,22255
10009140,Yunlin_DongshiTownship,雲林縣,東勢鄉,17370,17170,16780,16379,16100,15810,15865,15391,15120,14893,14766,14416,14155,13849,13642,13399,13197,12885
10009150,Yunlin_BaozhongTownship,雲林縣,褒忠鄉,14624,14623,14251,13997,13869,13706,13605,13349,13167,13010,12912,12682,12477,12279,12143,11889,11777,11490
10009170,Yunlin_YuanchangTownship,雲林縣,元長鄉,29388,29325,28795,28367,28002,27640,27307,26857,26361,25980,25643,25118,24694,24177,23713,23371,23020,22478
10009200,Yunlin_ShuilinTownship,雲林縣,水林鄉,29542,29485,28946,28303,27828,27285,27017,26525,26071,25624,25308,24744,24177,23737,23242,22740,22426,21805
10009160,Yunlin_TaixiTownship,雲林縣,臺西鄉,26986,26563,26223,25662,25068,24897,24995,24576,24212,23954,23730,23312,23012,22558,22151,21739,21424,20778
10009180,Yunlin_SihuTownship,雲林縣,四湖鄉,27462,27252,26694,26316,25907,25501,25415,24742,24151,23667,23209,22749,22387,21891,21582,21017,20698,20210
10009190,Yunlin_KouhuTownship,雲林縣,口湖鄉,31030,30894,30392,29898,29646,29344,29017,28489,28074,27653,27276,26830,26403,25976,25566,24985,24592,23945
65000040,NewTaipei_YongheDistrict,新北市,永和區,236598,236812,234536,232386,230768,229062,227267,225409,223999,222585,221098,220595,219364,214967,212170,214771,213742,211536
65000060,NewTaipei_XindianDistrict,新北市,新店區,292693,294602,296411,296581,297637,299017,299730,300267,301168,302089,302231,303445,303532,299696,298594,304868,306571,306884
65000130,NewTaipei_TuchengDistrict,新北市,土城區,238230,238897,238477,239156,239717,239258,239270,238703,238500,238067,236901,237696,238277,237484,237538,240828,241224,242713
65000140,NewTaipei_LuzhouDistrict,新北市,蘆洲區,194686,197043,197793,198373,199490,199426,199750,200095,200702,201309,201332,201883,202456,201489,199811,200022,198359,196371
65000150,NewTaipei_WuguDistrict,新北市,五股區,77754,79149,79958,80518,81225,81744,82255,82923,84134,84919,86329,88000,89470,90465,91436,92754,93860,94717
65000200,NewTaipei_PinglinDistrict,新北市,坪林區,6541,6549,6537,6533,6483,6460,6455,6490,6538,6528,6612,6689,6703,6619,6553,6446,6324,6163
65000240,NewTaipei_PingxiDistrict,新北市,平溪區,5520,5447,5344,5197,5109,5002,4954,4874,4778,4719,4666,4546,4424,4333,4268,4134,4049,3900
65000290,NewTaipei_WulaiDistrict,新北市,烏來區,5603,5748,5811,5927,5975,6036,6165,6187,6212,6320,6438,6433,6416,6391,6359,6360,6309,6199
65000100,NewTaipei_TamsuiDistrict,新北市,淡水區,135355,140156,143481,146756,150687,155241,158953,162221,165765,169597,173502,178610,183278,185197,187823,194399,200726,208004
65000120,NewTaipei_RuifangDistrict,新北市,瑞芳區,43088,42713,42432,42031,41617,41490,41315,40976,40600,40353,39982,39536,39077,38449,37695,37197,36330,35623
65000170,NewTaipei_LinkouDistrict,新北市,林口區,72964,78462,83165,86628,89886,94108,97645,100350,103219,106101,110081,115582,121192,124628,127887,132947,136075,138461
65000210,NewTaipei_SanzhiDistrict,新北市,三芝區,23479,23369,23263,23319,23460,23464,23480,23487,23369,23200,22978,22768,22540,22357,22228,22137,22080,22061
65000230,NewTaipei_BaliDistrict,新北市,八里區,33231,33958,34791,35423,35721,36201,37187,37678,38167,38493,38906,39531,39741,40178,40902,41966,42674,43495
65000090,NewTaipei_SanxiaDistrict,新北市,三峽區,97967,100637,103450,105629,107794,110010,111588,112708,114180,114926,115820,116478,116917,116019,115274,115608,115335,115009
65000080,NewTaipei_YinggeDistrict,新北市,鶯歌區,86258,86589,86821,87683,88336,88637,89075,87965,87231,86593,86361,86869,87674,88131,88406,89080,89339,89501
65000030,NewTaipei_ZhongheDistrict,新北市,中和區,412060,414535,414356,414939,416499,415742,415226,414304,414266,413590,412486,413069,411214,406140,403109,407273,405956,403791
65000070,NewTaipei_ShulinDistrict,新北市,樹林區,168689,172300,176077,179788,182012,183407,184167,184249,184400,184149,183946,183926,183470,181903,180067,180658,178981,177412
65000180,NewTaipei_ShenkengDistrict,新北市,深坑區,22829,23108,23241,23531,23569,23622,23636,23594,23683,23660,23634,23725,23723,23646,23528,23689,23636,23639
65000010,NewTaipei_BanqiaoDistrict,新北市,板橋區,550767,552884,554596,555335,557440,556920,555914,554236,552285,551480,554742,556897,557114,552713,549572,554247,553538,549762
65000190,NewTaipei_ShidingDistrict,新北市,石碇區,7847,7973,7973,7887,7895,7848,7864,7855,7736,7683,7731,7629,7565,7487,7292,7166,7068,6917
65000050,NewTaipei_XinzhuangDistrict,新北市,新莊區,398317,400848,402204,404089,407012,409760,411711,413243,414156,416524,417754,420473,422653,421381,419966,423607,423503,421239
65000160,NewTaipei_TaishanDistrict,新北市,泰山區,75830,76491,76470,77057,77617,77939,78370,78707,78817,78911,78708,78751,78412,77451,76982,77491,77667,78083
65000020,NewTaipei_SanchongDistrict,新北市,三重區,384722,388304,389968,390421,390090,389813,389325,388447,388581,387484,385826,386336,385328,381731,379825,383108,383355,382778
65000250,NewTaipei_ShuangxiDistrict,新北市,雙溪區,9877,9832,9729,9555,9465,9412,9450,9245,9074,8939,8860,8665,8468,8235,8102,7915,7686,7442
65000260,NewTaipei_GongliaoDistrict,新北市,貢寮區,13970,13876,13776,13538,13412,13306,13115,12860,12706,12552,12301,12033,11782,11534,11260,10981,10719,10445
65000110,NewTaipei_XizhiDistrict,新北市,汐止區,183441,186979,189618,190679,192676,194200,195140,196028,197749,199321,200535,203429,205847,205990,206265,209481,210817,212758
65000280,NewTaipei_WanliDistrict,新北市,萬里區,21085,21604,22009,22204,22429,22618,22678,22642,22490,22296,22068,21872,21710,21462,21101,20869,20622,20209
65000270,NewTaipei_JinshanDistrict,新北市,金山區,22306,22408,22380,22447,22486,22392,22400,22260,22207,22015,21774,21396,21127,20844,20577,20366,20059,19725
65000220,NewTaipei_ShimenDistrict,新北市,石門區,12023,12380,12700,12841,12798,12794,12733,12641,12496,12286,12115,11834,11480,11193,10961,10752,10397,9994
10018020,HsinchuCity_NorthDistrict,新竹市,北區,141823,144484,145441,146212,147561,148041,148753,149156,149993,150636,151679,152351,152612,152348,152118,153759,153897,153915
10018030,HsinchuCity_XiangshanDistrict,新竹市,香山區,71152,72176,72649,73748,74391,75864,76392,76762,77518,77943,78390,78611,78744,78641,78698,78890,79302,79606
10018010,HsinchuCity_EastDistrict,新竹市,東區,192396,194927,197254,200092,203119,204578,206843,208142,209826,212553,215566,217841,220056,221651,221657,223826,224043,222219
10004110,Hsinchu_EmeiTownship,新竹縣,峨眉鄉,6062,6133,5999,5904,5831,5764,5744,5642,5593,5538,5587,5479,5403,5309,5319,5192,5081,4970
10004020,Hsinchu_ZhudongTownship,新竹縣,竹東鎮,97086,97089,96751,96421,96594,96326,96059,96311,96817,96918,96380,97127,97100,96590,96375,96906,97733,97894
10004030,Hsinchu_XinpuTownship,新竹縣,新埔鎮,36085,36012,35495,35240,34960,34674,34427,34111,33737,33415,33104,32798,33027,32975,33055,33234,33464,33561
10004040,Hsinchu_GuanxiTownship,新竹縣,關西鎮,32451,32431,31775,31553,31239,30919,30751,29936,29408,28896,28537,28055,27775,27377,27099,26825,26388,26011
10004050,Hsinchu_HukouTownship,新竹縣,湖口鄉,75066,75546,75408,75921,76501,76753,77210,77280,77524,77444,77668,77908,78971,79602,81232,82617,83748,84963
10004070,Hsinchu_QionglinTownship,新竹縣,芎林鄉,20879,20963,20778,20519,20354,20256,20301,20284,20165,20061,20025,19934,19872,19936,20159,20377,20404,20385
10004080,Hsinchu_HengshanTownship,新竹縣,橫山鄉,14590,14772,14368,14200,14013,13912,13810,13515,13298,13064,12942,12789,12547,12343,12212,12186,11990,11901
10004090,Hsinchu_BeipuTownship,新竹縣,北埔鄉,10262,10289,10119,9994,9883,9838,9784,9691,9531,9390,9335,9178,9035,8797,8672,8543,8396,8289
10004120,Hsinchu_JianshiTownship,新竹縣,尖石鄉,8161,8351,8439,8731,8964,9167,9506,9417,9412,9543,9695,9638,9646,9577,9574,9552,9523,9464
10004130,Hsinchu_WufengTownship,新竹縣,五峰鄉,4413,4676,4665,4616,4525,4539,4729,4615,4562,4559,4774,4593,4487,4473,4543,4442,4439,4397
10004010,Hsinchu_ZhubeiCity,新竹縣,竹北市,132136,137861,141852,146826,152617,158849,165118,170790,176604,181955,187336,194516,200782,206189,209221,215952,219605,220973
10004060,Hsinchu_XinfengTownship,新竹縣,新豐鄉,52334,52761,53288,53610,54427,55386,55826,56125,56452,56836,56980,57292,57511,57908,58651,58956,59336,59839
10004100,Hsinchu_BaoshanTownship,新竹縣,寶山鄉,13748,13998,14078,14106,14085,14103,14365,14325,14378,14550,14647,14626,14619,14504,14391,14507,14534,14588
10020010,ChiayiCity_EastDistrict,嘉義市,東區,128284,127736,125297,124495,124242,123821,123370,122900,122462,122103,121162,120825,119715,118956,117826,117993,117300,116567
10020020,ChiayiCity_WestDistrict,嘉義市,西區,145509,146125,147093,147031,146978,147051,147513,147466,147412,147295,147460,146865,146290,145771,145098,145591,144877,145025
10010010,Chiayi_TaibaoCity,嘉義縣,太保市,35896,36210,36685,36673,36946,37023,37038,37212,37497,37781,38069,38301,38536,38571,38919,39299,39342,39923
10010130,Chiayi_ZhongpuTownship,嘉義縣,中埔鄉,47840,47790,47579,47291,47025,46694,46156,45724,45395,44974,44584,44325,44131,43602,43048,42690,42190,41673
10010160,Chiayi_FanluTownship,嘉義縣,番路鄉,11619,11730,11684,11881,12227,12174,12089,11865,11695,11599,11430,11262,11180,11033,10938,10867,10697,10582
10010120,Chiayi_ShuishangTownship,嘉義縣,水上鄉,53130,52562,52274,51793,51497,51289,50726,50431,50084,49744,49316,49195,49012,48529,47912,47727,47366,46932
10010090,Chiayi_DongshiTownship,嘉義縣,東石鄉,28399,28224,27741,27202,26713,26305,26235,25751,25307,24969,24580,24194,23766,23464,23144,22749,22201,21671
10010020,Chiayi_PuziCity,嘉義縣,朴子市,44281,44326,44093,43895,43855,43599,43250,42956,42585,42382,42112,41855,41669,41256,40882,40705,40409,39950
10010040,Chiayi_DalinTownship,嘉義縣,大林鎮,34101,33982,33635,33207,32917,32593,32159,31697,31379,31198,30896,30684,30381,30068,29744,29815,29610,29542
10010050,Chiayi_MinxiongTownship,嘉義縣,民雄鄉,72641,72793,72539,72451,72286,72096,71903,71862,71834,71693,71367,71362,71317,70675,70298,70248,69923,69716
10010060,Chiayi_XikouTownship,嘉義縣,溪口鄉,16695,16563,16269,16015,15823,15546,15393,15113,14933,14751,14592,14283,14055,13761,13463,13238,12944,12604
10010070,Chiayi_XingangTownship,嘉義縣,新港鄉,35149,34995,34676,34231,33830,33507,33186,32797,32385,31935,31723,31420,31162,30705,30302,30094,29617,29006
10010080,Chiayi_LiujiaoTownship,嘉義縣,六腳鄉,27041,26890,26379,25903,25356,24947,24613,24202,23787,23318,22960,22540,22196,21774,21331,20889,20497,20044
10010100,Chiayi_YizhuTownship,嘉義縣,義竹鄉,21671,21617,21129,20653,20158,19856,19578,19258,18822,18486,18242,17883,17602,17232,16994,16633,16163,15829
10010110,Chiayi_LucaoTownship,嘉義縣,鹿草鄉,17429,17405,17232,17022,16832,16652,16384,16119,15808,15577,15358,15118,14913,14658,14426,14123,13891,13460
10010140,Chiayi_ZhuqiTownship,嘉義縣,竹崎鄉,39155,38962,38608,38179,37923,37372,36924,36546,36226,35962,35584,35207,34797,34190,33792,33308,32759,32160
10010150,Chiayi_MeishanTownship,嘉義縣,梅山鄉,22184,22049,21634,21171,20842,20576,20304,20010,19800,19475,19282,18963,18687,18324,18052,17805,17497,17177
10010170,Chiayi_DapuTownship,嘉義縣,大埔鄉,4434,4572,4649,4554,4547,4567,4658,4621,4610,4564,4603,4596,4560,4533,4476,4444,4323,4160
10010180,Chiayi_AlishanTownship,嘉義縣,阿里山鄉,6178,6222,6226,6157,5702,5732,5764,5721,5664,5631,5597,5544,5527,5420,5381,5304,5236,5163
10010030,Chiayi_BudaiTownship,嘉義縣,布袋鎮,30888,30824,30216,29664,29244,28701,28423,27954,27509,27143,26773,26381,25990,25521,25056,24622,24121,23589
10007120,Changhua_TianzhongTownship,彰化縣,田中鎮,44769,44499,44065,43652,43428,43106,42745,42490,42152,41890,41541,41244,40717,40123,39693,39336,38819,38273
10007170,Changhua_ShetouTownship,彰化縣,社頭鄉,45231,45038,44767,44418,44211,43868,43705,43492,43342,43144,42882,42573,42436,42026,41606,41415,40842,40272
10007100,Changhua_YuanlinCity,彰化縣,員林市,125962,125838,125476,125144,125141,124938,124725,124837,124932,124632,124890,125008,124263,122757,122367,123004,122742,122148
10007010,Changhua_ChanghuaCity,彰化縣,彰化市,236631,237160,236503,236646,236636,236172,235022,235010,234690,233613,232729,232259,231317,228470,226519,226046,223689,220487
10007030,Changhua_HemeiTownship,彰化縣,和美鎮,89386,89624,89723,90173,90298,90541,90741,91113,91162,90986,90782,90530,90095,89558,88666,88046,87370,86635
10007040,Changhua_XianxiTownship,彰化縣,線西鄉,17030,17081,17138,16998,17056,17123,17119,17040,16939,16928,16860,16733,16665,16486,16303,16203,16182,16014
10007050,Changhua_ShengangTownship,彰化縣,伸港鄉,35825,35942,35964,35985,36037,36114,36182,36464,36756,36957,37121,37449,37740,37838,37948,38491,38422,38146
10007070,Changhua_XiushuiTownship,彰化縣,秀水鄉,38968,38985,39122,39273,39429,39385,39326,39352,39344,39357,39291,39068,38872,38633,38258,38141,37773,37356
10007080,Changhua_HuatanTownship,彰化縣,花壇鄉,46193,46238,46187,46047,46017,45987,45916,45984,46142,45924,45853,45566,45232,44795,44296,43936,43338,42816
10007090,Changhua_FenyuanTownship,彰化縣,芬園鄉,25090,24980,24814,24670,24457,24258,24155,24003,23881,23755,23583,23383,23188,22827,22456,22202,21772,21334
10007110,Changhua_XihuTownship,彰化縣,溪湖鎮,56449,56260,56119,55918,55899,55802,55788,55742,55675,55686,55365,55185,54814,54340,54056,53898,53385,52832
10007130,Changhua_DacunTownship,彰化縣,大村鄉,36501,36646,36597,36533,36469,36452,36457,36531,36762,36870,36968,37124,38457,39835,40392,40104,39474,38919
10007140,Changhua_PuyanTownship,彰化縣,埔鹽鄉,34667,34565,34284,34082,33712,33456,33184,32954,32782,32587,32460,32183,31919,31682,31349,31048,30546,30041
10007150,Changhua_PuxinTownship,彰化縣,埔心鄉,35498,35410,35325,35278,35186,35034,34905,34833,34788,34836,34745,34734,34451,34037,33813,33625,33366,33082
10007160,Changhua_YongjingTownship,彰化縣,永靖鄉,39595,39607,39269,38907,38718,38530,38200,37985,37773,37334,36962,36651,36300,35879,35464,35166,34664,34177
10007180,Changhua_ErshuiTownship,彰化縣,二水鄉,16929,16749,16520,16345,16133,15999,15830,15629,15500,15325,15153,14843,14642,14377,14168,13855,13547,13220
10007200,Changhua_ErlinTownship,彰化縣,二林鎮,54795,54479,53939,53552,53198,52864,52330,51882,51516,50980,50536,50075,49687,49082,48390,47898,47119,46419
10007220,Changhua_PitouTownship,彰化縣,埤頭鄉,32015,32008,31771,31501,31415,31221,31045,30869,30797,30642,30508,30394,30072,29706,29293,28946,28484,27997
10007230,Changhua_FangyuanTownship,彰化縣,芳苑鄉,36784,36637,36320,35752,35337,35104,34744,34352,34039,33714,33489,33084,32720,32110,31614,31131,30614,29880
10007240,Changhua_DachengTownship,彰化縣,大城鄉,19094,19151,18936,18639,18337,18043,17797,17516,17284,16987,16717,16359,16119,15733,15455,14992,14548,14146
10007250,Changhua_ZhutangTownship,彰化縣,竹塘鄉,16616,16693,16470,16365,16201,16040,15863,15638,15491,15303,15095,14926,14808,14584,14370,14297,14160,13918
10007260,Changhua_XizhouTownship,彰化縣,溪州鄉,32031,31862,31552,31326,31183,30862,30753,30539,30391,30060,29760,29411,29158,28949,28620,28248,27695,27248
10007020,Changhua_LukangTownship,彰化縣,鹿港鎮,85340,85364,85325,85476,85858,85964,86100,86407,86709,86799,86818,86931,86550,85837,85370,84643,83588,82212
10007060,Changhua_FuxingTownship,彰化縣,福興鄉,49005,49130,48945,48625,48182,48015,47810,47618,47479,47332,47059,46748,46399,45956,45445,45186,44773,44284
10007190,Changhua_BeidouTownship,彰化縣,北斗鎮,33620,33631,33516,33379,33280,33151,33198,33225,33253,33355,33321,33348,33358,33303,33259,33294,33238,33099
10007210,Changhua_TianweiTownship,彰化縣,田尾鄉,28911,28890,28639,28355,28050,27984,27834,27567,27567,27462,27336,26993,26691,26407,26069,25897,25525,25251
66000250,Taichung_LongjingDistrict,臺中市,龍井區,73041,73934,74474,74682,75138,75664,76164,76666,77236,77818,77998,78027,78095,77976,77887,78413,79030,79241
66000180,Taichung_DayaDistrict,臺中市,大雅區,88864,89499,89825,90591,91367,91939,92628,93661,94488,95203,95815,95772,95693,95521,95275,95708,95229,94741
66000130,Taichung_ShaluDistrict,臺中市,沙鹿區,79553,80640,81534,83238,84797,86305,87742,89592,91338,92645,94079,94755,95226,96039,97002,98805,100152,101419
66000140,Taichung_WuqiDistrict,臺中市,梧棲區,54748,54943,55262,55544,55857,56008,56643,57108,57645,57993,58218,58921,59273,59517,59848,61019,62701,65685
66000090,Taichung_FengyuanDistrict,臺中市,豐原區,165238,165245,165433,165609,166085,166090,166458,166749,166778,166879,167025,166875,166053,164726,163476,163948,163163,161771
66000100,Taichung_DongshiDistrict,臺中市,東勢區,54201,53696,53259,52780,52403,51953,51485,51308,50952,50714,50256,49773,49169,48333,47817,47468,47088,46488
66000150,Taichung_HouliDistrict,臺中市,后里區,54566,54401,54287,54033,54089,54076,54106,54344,54332,54482,54775,54666,54343,53961,53667,53653,53309,52754
66000160,Taichung_ShengangDistrict,臺中市,神岡區,64159,63982,63753,63921,64534,64899,64956,65178,65496,65553,65711,65679,65529,64841,64308,64362,64007,63271
66000190,Taichung_XinsheDistrict,臺中市,新社區,25819,25761,25637,25495,25378,25322,25242,25086,24947,24754,24576,24289,24064,23650,23283,23089,22849,22579
66000200,Taichung_ShigangDistrict,臺中市,石岡區,16162,16146,15976,15792,15763,15636,15405,15295,15174,15066,14956,14758,14670,14419,14154,14093,13877,13668
66000210,Taichung_WaipuDistrict,臺中市,外埔區,31986,32007,32051,32005,31797,31845,31800,31899,32034,32185,32230,32224,31940,31564,31264,31163,30902,30823
66000240,Taichung_DaduDistrict,臺中市,大肚區,55945,55874,55725,55739,55863,55995,56364,56627,57207,57322,57324,57085,56777,56458,56129,55955,55708,55255
66000290,Taichung_HepingDistrict,臺中市,和平區,10803,10730,10743,10683,10556,10589,10825,10726,10795,10949,11015,10902,10809,10870,10919,10794,10656,10469
66000110,Taichung_DajiaDistrict,臺中市,大甲區,78917,78707,78387,78118,77986,77847,77607,77714,77656,77761,77625,76822,76130,75516,74737,74684,74206,73108
66000220,Taichung_DaanDistrict,臺中市,大安區,20605,20417,20308,20081,19910,19720,19654,19542,19409,19303,19267,19111,18864,18485,18230,18073,17793,17487
66000120,Taichung_QingshuiDistrict,臺中市,清水區,85770,85743,85620,85629,85734,86061,85957,86146,86350,86420,86862,87587,88009,88366,88947,89924,90501,90640
66000260,Taichung_WufengDistrict,臺中市,霧峰區,64228,63906,63975,63904,64183,64280,64496,64657,64898,65393,65619,65419,65094,64602,64091,63822,63342,62627
66000280,Taichung_DaliDistrict,臺中市,大里區,194550,196056,197716,200588,203239,204846,206318,208406,210285,211492,212104,212711,213117,212253,211469,212511,212166,211094
66000030,Taichung_SouthDistrict,臺中市,南區,111878,112722,113659,115032,116807,118349,120128,121786,123502,125067,125874,126571,126769,126008,125466,126907,127188,128309
66000230,Taichung_WuriDistrict,臺中市,烏日區,67970,68373,68709,69224,70068,70624,71520,72514,73647,74554,75372,75610,76494,77245,78122,80194,81284,82248
66000010,Taichung_CentralDistrict,臺中市,中區,23603,23228,22472,21610,20647,20008,19323,19020,18708,18450,18514,18390,18168,17689,17635,17784,17904,18029
66000040,Taichung_WestDistrict,臺中市,西區,117325,117390,117365,117210,116784,116397,115731,115693,115747,115627,115698,115273,114583,112740,112278,113548,113890,113288
66000070,Taichung_NantunDistrict,臺中市,南屯區,148206,150884,153779,155768,158300,159952,161906,164575,166685,168760,170618,173532,176062,176782,177930,182232,185192,186105
66000050,Taichung_NorthDistrict,臺中市,北區,147721,147529,147639,147679,147798,147880,147471,147547,147585,147653,147557,147391,146590,143917,142778,144097,143568,143537
66000060,Taichung_XitunDistrict,臺中市,西屯區,201333,203680,206536,209672,212750,215485,218540,221785,224601,227043,228630,230501,231730,230888,231866,235441,236821,238052
66000080,Taichung_BeitunDistrict,臺中市,北屯區,241990,244311,246880,249742,252668,255978,259742,265159,270547,274819,279297,283621,287344,290653,295677,304179,310965,317182
66000170,Taichung_TanziDistrict,臺中市,潭子區,98456,99677,100481,101781,103516,104471,105165,106557,107530,108288,108952,109324,109309,109270,108639,108979,109415,109314
66000020,Taichung_EastDistrict,臺中市,東區,74072,73891,73969,73960,74282,74572,74922,75182,75396,75811,76175,75943,75913,75588,75554,76852,77688,77745
66000270,Taichung_TaipingDistrict,臺中市,太平區,172363,172389,172965,174284,176594,178870,181537,183923,186271,189066,191752,193729,194970,195613,196011,198212,200007,201536
63000030,Taipei_DaanDistrict,臺北市,大安區,313848,311612,311565,313846,313426,313363,313693,313058,311506,309969,308843,307631,302644,291410,284557,291732,289908,282328
63000080,Taipei_WenshanDistrict,臺北市,文山區,261719,260869,262307,266442,269310,271341,273921,275367,275231,274424,273762,271806,268130,261576,257558,260313,258333,253822
63000020,Taipei_XinyiDistrict,臺北市,信義區,227770,225364,225092,226541,227734,228496,229657,229211,227823,225753,223406,220021,215240,207500,203780,206759,205067,201446
63000070,Taipei_WanhuaDistrict,臺北市,萬華區,190361,188437,189099,190855,192628,193480,194715,194339,193539,191850,189603,187076,183088,176617,173040,173652,171915,168675
63000050,Taipei_ZhongzhengDistrict,臺北市,中正區,159337,158752,159536,161449,162154,163140,163388,162475,160403,159608,159000,158014,155397,150644,148103,150155,148375,144109
63000010,Taipei_SongshanDistrict,臺北市,松山區,210097,207995,208434,209948,210905,210343,210473,209714,208326,206988,205702,204193,200316,193388,189939,193399,191826,187318
63000060,Taipei_DatongDistrict,臺北市,大同區,124653,123399,124600,126640,128809,129820,130973,130929,130071,129278,127625,126043,123849,120772,118833,119930,118992,116618
63000040,Taipei_ZhongshanDistrict,臺北市,中山區,218841,218245,220126,224102,226659,228753,230496,231350,231247,230710,229456,227387,223876,215567,212669,216346,215245,212152
63000110,Taipei_ShilinDistrict,臺北市,士林區,286065,283855,284539,287072,288894,289742,290455,290694,289939,288295,286544,283459,278451,269682,264716,266951,264194,258163
63000120,Taipei_BeitouDistrict,臺北市,北投區,249752,248047,249206,252290,254192,255444,257520,257862,257370,256456,255532,253319,250144,244750,240725,242510,240623,235678
63000090,Taipei_NangangDistrict,臺北市,南港區,113672,113149,114023,116131,118490,119752,121257,122245,122516,122155,121670,120297,118758,115780,113798,113959,112643,111239
63000100,Taipei_NeihuDistrict,臺北市,內湖區,266808,267704,270245,275652,280025,282842,285767,287566,287733,287771,287429,285795,282525,276707,272963,276180,273748,267959
10014020,Taitung_ChenggongTownship,臺東縣,成功鎮,16189,15984,15810,15542,15253,15051,14943,14652,14411,14238,14059,13748,13505,13330,13212,13078,12926,12754
10014110,Taitung_LudaoTownship,臺東縣,綠島鄉,3156,3331,3358,3400,3462,3580,3808,3775,3724,3926,4097,4045,4026,4124,4285,4373,4385,4327
10014160,Taitung_LanyuTownship,臺東縣,蘭嶼鄉,4025,4307,4499,4691,4870,4905,4976,5045,5083,5075,5157,5127,5249,5231,5263,5318,5277,5220
10014140,Taitung_JinfengTownship,臺東縣,金峰鄉,3329,3526,3560,3519,3520,3502,3669,3586,3612,3653,3739,3703,3699,3663,3713,3732,3687,3682
10014090,Taitung_TaimaliTownship,臺東縣,太麻里鄉,12136,12094,12014,11823,11669,11595,11507,11374,11304,11163,11147,10984,10925,10819,10744,10679,10569,10375
10014050,Taitung_LuyeTownship,臺東縣,鹿野鄉,8747,8676,8584,8403,8304,8229,8202,8107,8018,7951,7875,7744,7601,7482,7314,7193,7047,6924
10014060,Taitung_ChishangTownship,臺東縣,池上鄉,9366,9356,9196,9012,8824,8679,8591,8488,8375,8248,8199,8141,8073,7976,7995,7858,7696,7529
10014130,Taitung_YanpingTownship,臺東縣,延平鄉,3566,3621,3599,3560,3551,3552,3614,3575,3523,3551,3628,3540,3549,3591,3630,3567,3557,3547
10014010,Taitung_TaitungCity,臺東縣,臺東市,109839,109576,108870,108310,107720,107316,106929,106759,106368,105960,105573,105202,104803,103943,103252,103281,103115,102681
10014040,Taitung_BeinanTownship,臺東縣,卑南鄉,18324,18379,18231,18055,17834,17763,17700,17507,17443,17399,17269,17132,16961,16833,16846,16601,16472,16264
10014070,Taitung_DongheTownship,臺東縣,東河鄉,9532,9523,9329,9222,9108,8992,9000,8847,8686,8517,8479,8349,8203,8106,8060,7896,7822,7710
10014150,Taitung_DarenTownship,臺東縣,達仁鄉,3722,4103,4095,3965,3832,3762,3721,3589,3524,3518,3580,3499,3489,3437,3482,3439,3409,3437
10014100,Taitung_DawuTownship,臺東縣,大武鄉,6890,7160,7012,6790,6632,6531,6565,6324,6238,6117,6046,5851,5727,5635,5635,5553,5465,5327
10014030,Taitung_GuanshanTownship,臺東縣,關山鎮,9880,9849,9715,9559,9425,9268,9111,8923,8811,8742,8703,8575,8420,8274,8165,8052,7954,7757
10014120,Taitung_HaiduanTownship,臺東縣,海端鄉,4537,4535,4510,4408,4379,4363,4378,4322,4283,4222,4186,4120,4105,4151,4222,4275,4300,4317
10014080,Taitung_ChangbinTownship,臺東縣,長濱鄉,8611,8477,8291,8031,7869,7733,7756,7579,7399,7260,7182,7021,6926,6791,6733,6649,6538,6469
67000010,Tainan_XinyingDistrict,臺南市,新營區,78715,78233,78105,78473,78475,78521,78231,78165,78101,77966,77617,76969,76331,75506,74908,74921,74782,74493
67000020,Tainan_YanshuiDistrict,臺南市,鹽水區,27585,27321,27160,26891,26695,26426,26322,26085,25871,25583,25395,25223,25001,24777,24452,24251,23969,23635
67000030,Tainan_BaiheDistrict,臺南市,白河區,31926,31735,31395,30947,30602,30178,29731,29271,28819,28520,28105,27688,27245,26693,26203,25862,25393,24948
67000050,Tainan_HoubiDistrict,臺南市,後壁區,26294,26163,25884,25569,25280,24910,24589,24329,24066,23718,23346,23001,22755,22322,21891,21616,21292,20840
67000070,Tainan_MadouDistrict,臺南市,麻豆區,46164,46089,45795,45609,45377,45230,45067,44987,44812,44603,44260,43993,43713,43373,42933,43056,43036,42873
67000080,Tainan_XiayingDistrict,臺南市,下營區,26612,26411,26119,25803,25612,25333,25068,24786,24508,24239,23916,23686,23452,23062,22635,22420,22077,21742
67000090,Tainan_LiujiaDistrict,臺南市,六甲區,24211,23984,23694,23509,23346,23151,22832,22586,22406,22275,22148,21886,21668,21488,21342,21189,21110,20880
67000100,Tainan_GuantianDistrict,臺南市,官田區,22529,22455,22212,21965,21912,21823,21706,21685,21535,21448,21314,21371,21212,21035,20849,20835,20669,20527
67000110,Tainan_DaneiDistrict,臺南市,大內區,11205,11093,10899,10674,10537,10408,10248,10054,9962,9761,9605,9391,9200,9048,8847,8728,8588,8427
67000120,Tainan_JialiDistrict,臺南市,佳里區,59329,59464,59269,59155,59289,59372,59533,59555,59458,59380,59083,59089,58785,58482,58063,58232,58470,58328
67000130,Tainan_XuejiaDistrict,臺南市,學甲區,28313,28173,27864,27583,27414,27167,26949,26652,26377,26078,25665,25501,25293,24981,24749,24672,24537,24365
67000140,Tainan_XigangDistrict,臺南市,西港區,25415,25357,25200,25069,25034,24914,24896,24921,24870,24758,24690,24554,24522,24495,24713,24990,25004,24811
67000180,Tainan_XinhuaDistrict,臺南市,新化區,44469,44361,44096,44023,43940,43836,43782,43828,43727,43630,43456,43254,43317,42809,42467,42793,42292,41932
67000200,Tainan_XinshiDistrict,臺南市,新市區,35307,34977,34740,35035,35187,35336,35482,35853,36268,36574,36898,37269,37660,37546,37482,37624,37913,38279
67000210,Tainan_AndingDistrict,臺南市,安定區,30111,30129,30232,30263,30298,30215,30298,30331,30447,30564,30483,30413,30374,30105,29904,29926,29842,29783
67000230,Tainan_YujingDistrict,臺南市,玉井區,15696,15579,15413,15223,15058,14821,14561,14388,14281,14151,13997,13769,13602,13342,13118,13043,12830,12674
67000240,Tainan_NanxiDistrict,臺南市,楠西區,10871,10794,10663,10445,10272,10186,10116,10032,9898,9717,9537,9319,9178,9031,8870,8708,8532,8392
67000250,Tainan_NanhuaDistrict,臺南市,南化區,8980,9009,8925,8840,8814,8894,9001,8893,8838,8787,8724,8583,8398,8264,8114,7996,7786,7606
67000260,Tainan_ZuozhenDistrict,臺南市,左鎮區,5576,5614,5492,5359,5294,5211,5181,5071,4980,4876,4781,4676,4569,4428,4366,4231,4124,4095
67000270,Tainan_RendeDistrict,臺南市,仁德區,68481,68947,69343,70232,71270,72444,73099,73887,74637,75518,75878,76094,76385,76497,76896,77312,77574,77496
67000280,Tainan_GuirenDistrict,臺南市,歸仁區,65729,65924,65819,66104,66655,67101,67504,67906,68170,68424,68403,68135,68164,68001,68044,68726,69818,70574
67000290,Tainan_GuanmiaoDistrict,臺南市,關廟區,36715,36380,36026,35593,35353,35105,34865,34719,34601,34433,34353,34202,33941,33860,33424,33270,33048,33198
67000300,Tainan_LongqiDistrict,臺南市,龍崎區,4464,4433,4382,4311,4325,4310,4292,4196,4107,4038,3995,3900,3768,3668,3601,3476,3352,3234
67000310,Tainan_YongkangDistrict,臺南市,永康區,212540,214622,216748,220825,224303,226875,228651,230806,232210,233905,234891,235699,235415,234624,234130,234953,235623,235805
67000340,Tainan_NorthDistrict,臺南市,北區,130094,131203,131925,132098,132233,132336,132558,132651,133091,132726,132112,131480,130094,127913,126068,126575,125821,125439
67000170,Tainan_BeimenDistrict,臺南市,北門區,12529,12560,12468,12254,12083,11876,11691,11527,11333,11188,11051,10830,10601,10397,10183,9994,9712,9436
67000350,Tainan_AnnanDistrict,臺南市,安南區,175630,177116,178119,179987,182749,185412,187775,189620,191196,192224,193438,194228,195623,197061,199118,201824,203838,204534
67000330,Tainan_SouthDistrict,臺南市,南區,127390,126571,126173,126129,126018,125611,125691,125738,125768,125394,124824,124696,123789,122345,121035,121189,120323,119121
67000320,Tainan_EastDistrict,臺南市,東區,194234,194401,194183,193782,192972,191576,190233,188865,187834,186841,186250,186009,184958,182489,180511,182034,181962,180856
67000360,Tainan_AnpingDistrict,臺南市,安平區,60613,61740,62602,63593,64348,64589,64898,65380,65813,66496,66775,67119,67213,67446,68025,69015,70321,71256
67000370,Tainan_WestCentral,臺南市,中西區,80492,80029,79271,78741,78666,78498,77910,77498,76967,77770,78167,78493,78556,77704,77408,78096,77124,75802
67000190,Tainan_ShanhuaDistrict,臺南市,善化區,43021,43361,43477,43995,44619,45167,46100,46933,47660,48386,48968,50018,50814,51265,51842,52444,53300,53888
67000220,Tainan_ShanshangDistrict,臺南市,山上區,8036,8021,7864,7757,7696,7570,7500,7437,7359,7314,7317,7199,7128,6996,6976,7018,6916,6796
67000040,Tainan_LiuyingDistrict,臺南市,柳營區,23147,22987,22726,22443,22160,21932,21828,21629,21520,21365,21205,21068,20826,20618,20407,20306,20007,19831
67000060,Tainan_DongshanDistrict,臺南市,東山區,23532,23414,23117,22771,22529,22195,21920,21603,21320,21049,20788,20449,20152,19788,19366,19156,18836,18490
67000150,Tainan_QiguDistrict,臺南市,七股區,25115,24958,24815,24649,24225,23871,23608,23365,23172,22974,22732,22299,22142,21757,21439,21210,20760,20493
67000160,Tainan_JiangjunDistrict,臺南市,將軍區,21935,21798,21579,21261,21005,20808,20568,20309,20051,19849,19664,19353,19073,18843,18618,18255,18070,17598
10016020,Penghu_HuxiTownship,澎湖縣,湖西鄉,13017,13520,13660,13699,13915,14221,14315,14413,14435,14508,14594,14997,15230,15447,15820,16059,16124,16131
10016010,Penghu_MagongCity,澎湖縣,馬公市,55126,56435,57061,57468,58490,59502,60335,60924,61740,62308,62610,62999,63206,63289,63657,63957,64078,63282
10016030,Penghu_BaishaTownship,澎湖縣,白沙鄉,9202,9458,9471,9412,9491,9591,9799,9710,9799,9817,9827,9833,9907,9989,10047,10087,10137,10084
10016040,Penghu_XiyuTownship,澎湖縣,西嶼鄉,8177,8483,8437,8354,8354,8403,8438,8417,8403,8408,8349,8306,8353,8338,8341,8290,8207,8039
10016050,Penghu_WanganTownship,澎湖縣,望安鄉,4502,4743,4747,4661,4995,5021,5117,5091,5131,5176,5235,5273,5371,5415,5448,5409,5424,5266
10016060,Penghu_QimeiTownship,澎湖縣,七美鄉,3284,3571,3542,3563,3598,3662,3754,3749,3755,3856,3825,3799,3885,3862,3910,3937,3931,3914
09020040,Kinmen_JinningTownship,金門縣,金寧鄉,15588,17836,18938,20520,22939,25118,27307,28833,30006,30838,31765,32531,33070,33901,34325,35400,35809,35287
09020060,Kinmen_WuqiuTownship,金門縣,烏坵鄉,457,506,538,564,608,656,672,663,669,685,682,679,662,672,670,664,646,593
09020050,Kinmen_LieyuTownship,金門縣,烈嶼鄉,7451,8580,8921,9515,10424,11236,11978,12450,12568,12700,12861,12749,12733,12743,12649,12766,12538,12050
09020010,Kinmen_JinchengTownship,金門縣,金城鎮,28840,31563,32315,34245,36974,39062,40933,42344,42726,43285,43325,43253,43000,42845,42342,43192,42719,40998
09020020,Kinmen_JinshaTownship,金門縣,金沙鎮,13514,14851,15324,16301,17543,18567,19465,20107,20312,20535,20784,20802,20732,20785,20673,20858,20680,19840
09020030,Kinmen_JinhuTownship,金門縣,金湖鎮,18720,20467,21328,22738,24623,26074,27368,28402,28833,29413,29856,30171,30400,30593,30636,31269,31209,30545
09007010,Matsu_NanganTownship,連江縣,南竿鄉,5798,5939,5904,6000,6780,7288,7496,7409,7382,7544,7663,7599,7638,7657,7797,7827,7815,7629
09007030,Matsu_JuguangTownship,連江縣,莒光鄉,1183,1166,1186,1163,1327,1438,1424,1535,1562,1624,1618,1543,1489,1496,1471,1504,1518,1537
09007020,Matsu_BeiganTownship,連江縣,北竿鄉,1762,1755,1801,1864,2071,2268,2320,2333,2344,2360,2425,2595,2717,2998,3181,3136,3062,2930
09007040,Matsu_DongyinTownship,連江縣,東引鄉,1012,1059,1053,1079,1132,1171,1266,1270,1307,1352,1350,1352,1435,1494,1534,1572,1555,1525
